{"name":"pepe","phone":5678323,"email":"pepe@pepe.com","_id":"Jpa1QtRBov1ija3D"}
{"name":"yyy","phone":"yyy","email":"yyy","_id":"QIO2J7mqrvuBjWYK"}
{"name":"pedro","phone":12345678,"email":"pedro@pedro.com","_id":"Sk66iXpuWWxyfYoD"}
{"name":"xxxx","phone":"xxxxx","email":"xxxxx","_id":"c46LSBp0Pwkmvv3C"}
{"name":"xxxx","phone":"xxx","email":"xxxx","_id":"dq3FHt2uKPMMf1ui"}
{"name":"xxxxasdfsadf","phone":"xxxxxasdfasdf","email":"xxxxxasdfasdf","_id":"wuOBhssHcjFRABi7"}
{"name":"s","phone":"s","email":"s","_id":"Osh2ctRcUKTA7QfO"}
